"","from_name","message","created_time","type","link","story","likes_count","comments_count","shares_count"
"1","沃草 Watchout","西班牙的 #轉型正義
　
2007年通過「歷史記憶法」，主張為對於在內戰期間及弗朗哥獨裁執政期間因政治、宗教、意識形態等因素遭起訴或蒙受暴力的國人，政府應承認其受害者的地位，並主張受害者應獲得的權利。
------
中正紀念堂轉型三階段
1<U+20E3> 願景工作坊
2<U+20E3> 公民討論預備會議
3<U+20E3> 公民討論正式會議
 
第一階段的「願景工作坊」開始報名囉∼
<ed><U+00A0><U+00BD><ed><U+00B2><U+00A1> 報名網址：https://goo.gl/1RBFis
 
後續活動訊息：粉絲頁按讚搶先看 中正紀念堂轉型給問嗎 <ed><U+00A0><U+00BD><ed><U+00B1><U+008D>","2017-11-14T13:41:37+0000","photo","https://www.facebook.com/834836150022859/photos/a.839787999527674.1073741828.834836150022859/840737132766094/?type=3","沃草 Watchout shared 中正紀念堂轉型給問嗎's post.",91,0,0
"2","沃草 Watchout","你知道你選區立委對 #罷免 的立場是什麼嗎？
　
選罷法於2016年11月完成部分條文修正，正式將罷免門檻降低。站在立委的立場，降低罷免門檻意味著讓公民可以更容易決定立委的去留。在公民權與個人利益的衝突下，有多少立委願意違反人性提議不利於個人利益的法案呢？
　
#沃草議題實驗室 從「提案門檻」「連署門檻」「連署時間」「投票門檻」「可否宣傳」五個項目中分析立委的修法態度。
　
#立委戰力分析
#法案變得更簡單
#罷免給問ComingSoon
---
更多 #議題實驗室 法案 https://lab.watchout.tw/","2017-11-14T11:00:01+0000","link","http://lnk.pics/1EHR1",NA,109,1,5
"3","沃草 Watchout","衛福部堅守醫護輪班至少應隔11小時？
　
立委林淑芬今日在質詢時質疑衛福部口口聲聲挺醫護，實際上卻是說一套做一套。並舉出今年3月衛福部人員出席內部會議時竟表示【因執行困難，希望醫護能「排除適用」11小時輪班間隔】...
--
<ed><U+00A0><U+00BC><ed><U+00BC><U+00B1> 加入臉書社團 #沃草國會無雙搖滾區 一起討論更多國會動態　https://goo.gl/X8ttLH","2017-11-13T14:21:35+0000","link","https://musou.tw/focuses/1424",NA,454,7,37
"4","沃草 Watchout","你知道什麼是「#轉型正義」嗎？
依照長期進行臺灣轉型正義工作的「 台灣民間真相與和解促進會」定義，「轉型正義是一個社會在民主轉型之後，對過去威權獨裁體制的政治壓迫、以及因壓迫而導致的社會（政治的、族群的、或種族的）分裂，所做的善後工作。」
　
------
中正紀念堂轉型三階段
1<U+20E3> 願景工作坊
2<U+20E3> 公民討論預備會議
3<U+20E3> 公民討論正式會議
　
第一階段的「願景工作坊」開始報名囉∼
我們邀請你一起參與工作坊，共同分享、打造中正紀念堂轉型的各種願景。 
<ed><U+00A0><U+00BD><ed><U+00B2><U+00A1> 報名網址：https://goo.gl/1RBFis
　
後續活動訊息：粉絲頁按讚搶先看 中正紀念堂轉型給問嗎 <ed><U+00A0><U+00BD><ed><U+00B1><U+008D>","2017-11-13T13:38:27+0000","photo","https://www.facebook.com/834836150022859/photos/a.839787999527674.1073741828.834836150022859/840255456147595/?type=3","沃草 Watchout shared 中正紀念堂轉型給問嗎's post.",339,25,0
"5","沃草 Watchout","#獵雷艦真相調閱小組 第一次會議
　
將討論調閱文件之清單及相關事宜，由於調閱還未正式進行，釐清真相至少還需要一段時間。
　
此外除先前在行政院調查報告中已被明確指出疏失的聯貸主辦行第一銀行外，其餘8家官股銀行是否也有弊端？還是能在一銀前董座蔡慶年的下台後全身而退？
--
<ed><U+00A0><U+00BC><ed><U+00BC><U+00B1> 加入社團 #沃草國會無雙搖滾區 討論更多國會動態
https://goo.gl/X8ttLH","2017-11-13T00:30:01+0000","link","https://musou.tw/live_streams/686",NA,151,8,6
"6","沃草 Watchout","#轉型正義 大家跟阿草一起來報名唷
　
中正紀念堂轉型三階段
1<U+20E3> 願景工作坊
2<U+20E3> 公民討論預備會議
3<U+20E3> 公民討論正式會議
　
第一階段的「願景工作坊」開始報名囉∼
我們邀參與工作坊，共同分享、打造中正紀念堂轉型的各種願景。 
<ed><U+00A0><U+00BD><ed><U+00B2><U+00A1> 報名網址：https://goo.gl/1RBFis

後續活動訊息：粉絲頁按讚搶先看 中正紀念堂轉型給問嗎 <ed><U+00A0><U+00BD><ed><U+00B1><U+008D>","2017-11-12T14:38:03+0000","photo","https://www.facebook.com/834836150022859/photos/a.839787999527674.1073741828.834836150022859/839787759527698/?type=3","沃草 Watchout shared 中正紀念堂轉型給問嗎's post.",168,9,0
"7","沃草 Watchout","#國會草知識 甲級動員令
　
「甲級動員」就是為了重點法案，要求黨團成員全體出席會議喔。
　
<ed><U+00A0><U+00BD><ed><U+00B3><U+00A9> 有其他國會知識的問題，歡迎來底下留言詢問喔 <ed><U+00A0><U+00BD><ed><U+00B3><U+00A9>
--
<ed><U+00A0><U+00BC><ed><U+00BC><U+00B1> 加入社團 #沃草國會無雙搖滾區 討論更多國會動態
https://goo.gl/X8ttLH","2017-11-12T13:57:59+0000","photo","https://www.facebook.com/watchout.tw/photos/a.276078935883660.1073741828.240170506141170/873068219518059/?type=3",NA,352,13,11
"8","沃草 Watchout","#你念過三民主義嗎
　
11月12日是孫中山先生的生日，他創立的獨家學說《三民主義》，從大學聯考到公職考試，陪伴台灣人民數十年。為了「紀念」孫中山冥誕，沃草團隊特別整理了歷屆三民主義考題，一起來作答GO<U+270D> https://musou.watchout.tw/qz/3-principles
　
------------
<ed><U+00A0><U+00BD><ed><U+00B3><U+00A3> 中正紀念堂轉型，第一階段「願景工作坊」開始報名囉！
報名網址：https://goo.gl/1RBFis
<U+30FB>第1場：2017.12.3(日)09:00~17:00
<U+30FB>第2場：2017.12.10(日)09:00~17:00
<U+30FB>第3場：2017.12.17(日)09:00~17:00
參與者可以互相交流各自的願景與想像，作為未來公民會議的基礎。
　　　　
------------
烙哲學延伸閱讀：
賴天恆／國父遺像的不正當性——政治符號的道德問題
https://opinion.udn.com/opinion/story/6685/1526941
　
#中山中正傻傻分不清楚
#沒有念三民主義大學聯考會考不好喔
#小編才不會跟大家說我大學聯考時還要考三民主義呢
#原來今天是國父誕辰紀念日暨中華文化復興節","2017-11-12T12:27:22+0000","link","https://musou.watchout.tw/qz/3-principles",NA,373,57,124
"9","沃草 Watchout","勞團指出勞工也有「五缺」：缺薪水、缺休假、缺健康、缺工會、缺勞動尊嚴！
　
但行政院長賴清德願意連開五天會議解決資方的五缺，卻無視勞方權益，強行拍板院版勞基法。諷刺的是，就在勞團抗議時，政院版勞基法也拍板定案。賴清德親自主持記者會，強調「四不變」：正常工時不變、週休二日原則不變、加班總工時不變、加班費率不變；以及「四彈性」：加班彈性、排班彈性、間隔彈性、特休彈性，共「五個修法方向」。
　
#議題實驗室
勞工休假的修法過程，看看此次勞基法修法到底有多「倒退嚕」：https://lab.watchout.tw/topics/3
　
--
<ed><U+00A0><U+00BC><ed><U+00BC><U+00B1> 加入社團 #沃草國會無雙搖滾區 一起討論更多國會動態
https://goo.gl/X8ttLH","2017-11-09T14:01:58+0000","link","https://musou.tw/focuses/1420",NA,616,31,47
"10","沃草 Watchout","#快訊 
　
全臺各縣市工會、勞團今（9）齊聚行政院前，抗議勞基法修惡。勞團表示，行政院長賴清德為了資方連開五天會議解決五缺，但勞工也有「五缺」：缺薪水、缺尊嚴、缺休假、缺健康、缺工會，呼籲「缺德」的賴清德別只打開「右」耳，也該聽聽勞方的意見。
　
長期參與勞動法律修法的文化大學法律系教授邱駿彥，也罕見上街參與陳抗。他表示臺灣工時排行前四，痛批「這又不是奧運」，一例一休上路不到一年，還不見成果就又要改。在抗議同時，政院版勞基法也同時拍板，勞團更將抗議手板折成紙飛機，企圖丟進行政院讓賴清聽見勞工的心聲。最後，勞團揚言下次將升高衝突等級，重演佔領行政院。
　
行政院版勞基法修法五大方向：
1<U+20E3> 休息日上班核實計算，取消 #做一算四、#做五算八 虛擬工時制度。
2<U+20E3> 經工會或勞資會議同意，#放寬加班時數 的上限。
3<U+20E3> <U+FE0F>經工會或勞資會議同意，輪班勞工休息間隔時間 #減少至八小時。
4<U+20E3> <U+FE0F>經政府部會同意，個別公司工會或勞資會議也同意，勞工最多可以連上 #十二天班。
5<U+20E3> <U+FE0F>經工會或勞資協商同意，勞工沒休完的特休可延後到 #隔年 再兌現。","2017-11-09T05:05:50+0000","photo","https://www.facebook.com/watchout.tw/photos/a.276078935883660.1073741828.240170506141170/871417053016509/?type=3","沃草 Watchout added 4 new photos.",802,34,83
"11","沃草 Watchout","取消七休一才能積假去歐美？年度幹話王競爭好激烈啊...
　
萌編：我想還是工作六世換一世的休息好了 QQ
　
#幹話王4ni
#最軟的那一塊
#軟土深掘
　
--
<ed><U+00A0><U+00BC><ed><U+00BC><U+00B1> 加入社團 #沃草國會無雙搖滾區 討論更多國會動態
https://goo.gl/X8ttLH","2017-11-09T04:02:21+0000","photo","https://www.facebook.com/watchout.tw/photos/a.276078935883660.1073741828.240170506141170/871400019684879/?type=3",NA,1647,62,164
"12","沃草 Watchout","高官欺壓基層考績？
　
立委黃國昌今日引述資料質詢指出，簡任級高官考績甲等（80分以上）比例高達93%、薦任級下降至77％、委任更慘到剩67％。由於各機關有考績甲等人員不得超過75%的規定，他質疑是簡任特別好、委任都在混？還是高官欺壓基層考績？
　
銓敘部長周弘憲認為簡任官可能執掌多、經驗豐富，考績好是應得的。不過，他也承認考績法有修改必要，此答詢遭黃國昌反諷：「很公平的話幹嘛要改？」

看完整報導↘
--
<ed><U+00A0><U+00BC><ed><U+00BC><U+00B1> 加入社團 #沃草國會無雙搖滾區 討論更多國會動態
https://goo.gl/X8ttLH","2017-11-08T14:10:49+0000","link","https://musou.tw/focuses/1419",NA,1510,60,120
"13","沃草 Watchout","為什麼這次「立委黃國昌罷免投票」，感覺很容易就進入第三階段了？
　
因為選罷法歷經第九屆修法，罷免門檻已經正式降低囉！國民兩黨針對降低罷免門檻，在第八屆跟第九屆的態度一樣嗎？
　
當執政黨與在野黨的身份對調時，兩黨委員針對此議題的發言有什麼轉變嗎？讓我們一起來看看！
　
第八屆立委針對罷免門檻下修發言
https://lab.watchout.tw/data-reports/14
第九屆第一會期立委針對罷免門檻下修發言
https://lab.watchout.tw/data-reports/16
　
#議題實驗室 讓法案更好懂更簡單
https://lab.watchout.tw/","2017-11-07T13:33:32+0000","link","http://lnk.pics/1CZUZ",NA,1560,72,91
"14","沃草 Watchout","#明日直播 考試院預算
　
過去就有立委曾問及考委為何能如此高薪，考試院秘書長李繼玄竟答：「這個你把我問倒了」。 
　
廢除省級政府、監察院、考試院，長久以來都是民進黨的政見。如今民進黨已執政，在立法院也具人數優勢，明將審理預算時，是否會對此議題再次表態，並實際反映在預算、員額的縮減上？
--
<ed><U+00A0><U+00BC><ed><U+00BC><U+00B1> 加入社團 #沃草國會無雙搖滾區 討論更多國會動態
https://goo.gl/X8ttLH","2017-11-07T12:30:01+0000","link","https://musou.tw/live_streams/684",NA,394,18,20
"15","沃草 Watchout","#沃草公民學院
「為什麼汽車熄火了？」「因為你忘了加油啊。」在日常生活中，我們很難擺脫「因果」的概念，但是，因果關係到底是什麼意思？這篇文章介紹了三種對因果關係的哲學分析，大家來動動腦吧！

-
沃草公民學院，是一個以推廣人文普及並致力於促進公共討論發展的網路平台與社群。立刻支持沃草 http://watchout.tw/#support","2017-11-07T11:52:19+0000","link","https://opinion.udn.com/opinion/story/6685/2801223","沃草 Watchout shared 沃草公民學院 - Watchout Citizenedu's post.",77,1,0
"16","沃草 Watchout","今日在審理金管會預算前，中國國民黨立委對於前政委許璋瑤接任證交所董座表示不滿。要求金管會先行說明，否則不惜刪光預算。
 　
在質詢過程中，藍委頻逼問：人選到底是行政院長賴清德指示，或顧立雄自己提出？顧立雄閃避幾次後回應：「是我和院長共同決定的。」民進黨立委郭正亮則在旁表示，「講白了，一定是院長或總統級任命啊，」大家「心裡有數」....
--
<ed><U+00A0><U+00BC><ed><U+00BC><U+00B1> 加入 #沃草國會無雙搖滾區 一起討論更多國會動態
https://goo.gl/X8ttLH","2017-11-06T14:17:43+0000","link","https://musou.tw/focuses/1418",NA,65,8,2
"17","沃草 Watchout","中選會人事案 #戰報 》
　
立法院內政委員會及司法法制委員會上週原預計就中選會人事同意權案進行聯席審查，但因中國國民黨立委質疑中選會委員被提名人過去的政黨資歷、財產等資料未確實揭露，委員會後來達成結論，於行政院補齊資料後再審。今（6）日，經補足資料後，委員會再次就中選會人事案展開聯席審查。針對中選會主委被提名人陳英鈐與民進黨之間的關係，以及包含主委在內的六位被提名人有五位具有「濃厚民進黨色彩」，國民黨立委輪番展開砲轟。
　
中國國民黨立委吳志揚質疑，陳英鈐自2003年至今，獲民進黨推薦出席立院相關會議共12次，去年總統蔡英文就任後，又擔任民進黨廉政委員會委員，也曾在小英基金會「想想論壇」發表文章，鮮明的政治色彩，就任後如何獨立行使職權、顧及選務中立？對此，陳英鈐回應表示，「感謝貴黨幫我統計，我自己都不知道十幾年來曾出席過這麼多次」。他也強調，有信心做到公正及專業，就任後也會遵守法律，秉持超越黨派的精神執行職務。
　
經委員會審查結束後，民進黨籍召委賴瑞隆欲依照程序，將中選會人事案送出委員會，交付院會處理，但國民黨團提出異議，要求交付院會前須先交朝野黨團協商，雙方對此展開攻防。在民進黨立委段宜康要求說明下，議事人員報告指出，過往的中選會人事案在委員會審查結束後，未曾有交付黨團協商的案例。國民黨黨團書記長林為洲則強調，沒有規定不可交付黨團協商，2015年的監察委員人事同意案也曾交黨團協商，以前沒有不表示現在就不能有。
　
儘管民進黨立委強調過去不曾如此，其中，尤美女更指出，人事同意權案跟時常於委員會審查完畢後交付黨團協商的法案不同，人事案的重點在於審查提名人選資格是否符合，立委有意見就是在審查報告中並陳，並於投票時表態贊成或反對，「不曉得要協商什麼」，但國民黨態度強硬，主席賴瑞隆最後裁示以投票做出決議。經表決後，在反對票居多的情況下，決定不交協商、送院會處理，會議才告結束。（文字／攝影：沃草記者 蕭長展）
　
<ed><U+00A0><U+00BC><ed><U+00B8><U+00B6>點照片有完整的質詢紀錄<ed><U+00A0><U+00BC><ed><U+00B8><U+00B6> 
--
<ed><U+00A0><U+00BD><ed><U+00B5><U+00B5> 想了解立委做些什麼提過什麼法案，沃草 #議題實驗室 用簡單圖表告訴你 https://lab.watchout.tw/","2017-11-06T11:00:01+0000","photo","https://www.facebook.com/watchout.tw/photos/a.276078935883660.1073741828.240170506141170/870140749810806/?type=3","沃草 Watchout added 4 new photos.",51,3,2
"18","沃草 Watchout","#體育改革 一起加入運動協會
　
國體法三讀後，各單項運動協會必須在半年內進行理監事的改選。
為什麼要加入運動協會？加入運動協會，就可以投票選出你認為適合的理、監事，或是自己出馬競選理、監事！跟著沃草團隊製作的懶人包，了解更多↘↘　https://goo.gl/ZA765n
　　
#議題實驗室 看看國體法的修法過程
https://lab.watchout.tw/topics/6
　
《法條細項比一比》誰對體育協會改革開放最多？
https://lab.watchout.tw/data-reports/12
　
--
加入運動協會能做什麼？https://goo.gl/ZA765n
　
定期定額•支持沃草 http://watchout.tw/#support","2017-11-06T09:13:23+0000","photo","https://www.facebook.com/watchout.tw/photos/a.870136399811241.1073741910.240170506141170/870136403144574/?type=3","沃草 Watchout added 7 new photos.",217,4,29
"19","沃草 Watchout","勵馨基金會繼之前要求社工 #排除工時規範，今天又向衛福部提議，未來政府補助的人事費，可以讓社福機構在 #總額內自行調配社工薪資！
　　
回顧一下上次勵馨希望可以排除工時規範的訴求有多狂》
　　
「社會服務團體與社會福利基金會應一體適用勞基法第 30 條之 1」（使四周內每日不用給加班費的正常工時可由8小時延伸到10小時）
　
「積極解決每日12小時工時上限的困境」（納入84-1並打破勞基法每天工時不能超過12小時的限制）
　
「解決勞動基準法與社會福利法規設施標準競合的困境」（使社福機構排除勞基法每工作四小時要休息30分的規範）
　
完整報導
【民進黨立委：社福團體應排除工時規範 基層痛批「以慈善為名壓榨社工」】https://musou.tw/focuses/1328
--
<ed><U+00A0><U+00BC><ed><U+00BC><U+00B1> 加入社團 #沃草國會無雙搖滾區 討論更多國會動態
https://goo.gl/X8ttLH","2017-11-06T04:45:53+0000","link","https://musou.tw/focuses/1328",NA,382,23,103
"20","沃草 Watchout","#直播預告 內政委員會：中選會人事案
　　
國民黨日前針對中選會主委被提名人陳英鈐，認為她具有民進黨背景「綠油油」開砲猛轟，並指出，陳英鈐除了行政院政務顧問，還是民進黨廉政會委員，以這樣強烈的政黨色彩，未來行政能否超越黨派立場感到懷疑。明日人事案能否順利過關，以目前國民黨強硬的態度來看，再遇波折的機會不小。
--
<ed><U+00A0><U+00BC><ed><U+00BC><U+00B1> 加入社團 #沃草國會無雙搖滾區 討論更多國會動態
https://goo.gl/X8ttLH","2017-11-05T14:00:00+0000","link","https://musou.tw/live_streams/683",NA,66,22,6
"21","沃草 Watchout","之前反對成立 #慶富聯貸案 真相調閱小組的民進黨立委郭正亮，將於明日排程審查「調閱小組運作要點草案」。
　
日前調查發現，一銀根本「打開金庫讓慶富自己搬錢」， 之後其董事長蔡慶年也火速遭撤換。隨著國防及外交委員會、財政委員會的調查小組陸續開張，是否會有更多未爆彈等著臺灣社會？調查小組是否真能發揮揭弊作用，還是一場為了向社會交差的戲碼？跟阿草一起看直播關注發展
--
<ed><U+00A0><U+00BC><ed><U+00BC><U+00B1> 加入社團 #沃草國會無雙搖滾區 討論更多國會動態
https://goo.gl/X8ttLH","2017-11-05T13:20:00+0000","link","https://musou.tw/live_streams/682",NA,255,6,13
"22","沃草 Watchout","#草知識 勳章命名
　
你知道政府所頒發的「采玉勳章」是用什麼命名的嗎？
......　
　......
　　......

Ans：蔣中正他媽媽

#黑人問號.jpg
　
<ed><U+00A0><U+00BD><ed><U+00B3><U+00A9> 還有其他國會知識的問題，歡迎來底下留言詢問喔 <ed><U+00A0><U+00BD><ed><U+00B3><U+00A9>
--
<ed><U+00A0><U+00BC><ed><U+00BC><U+00B1> #生活即政治，沃草持續用不同的方式，希望能夠降低公民參與政治的門檻！定期定額•支持沃草 http://watchout.tw/#support","2017-11-05T12:47:24+0000","photo","https://www.facebook.com/watchout.tw/photos/a.276078935883660.1073741828.240170506141170/869762199848661/?type=3",NA,562,23,38
"23","沃草 Watchout","儘管 #一例一休 再修法遭質疑「彈性」過度傾向資方、損害勞權，民進黨立委何欣純昨(2)日，仍發聲力挺修法。
　
何欣純於質詢時批評質疑目前草案的人過度依賴「數字」、「從台北看天下」，也強調中部很多基層勞工因「一例一休」收入減少。
　
她以物流業為例，何欣純指出農產品「從產地直送餐桌」已是趨勢，也可以增加農民收入，但「很多人」跟她抱怨，「7休1」的制度卻讓原本週六、日都能宅配的狀況受到限制.....
　
↘ 完整質詢過程 ↘
　　
#沃草議題實驗室 法案整理
《立委提案雷達分析》誰的版本對勞工最好？
https://lab.watchout.tw/topics/3","2017-11-03T11:00:00+0000","link","https://musou.tw/videos/1417",NA,218,58,36
"24","沃草 Watchout","#一例一休 林淑芬批勞動部「要五毛給全部」
　
針對政院版的草案，立委不分朝野幾乎立場一致的批評草案給資方過多「彈性」，恐損及勞工工作及身心權益。
　
不過仍有立委對修法表達支持。民進黨立委何欣純質詢時指出，在中部看到基層勞工因「一例一休」而收入減少，過去很多「幸福企業」和諧的勞資關係，因此變得不和諧。她強調有必要修法增加彈性，「要顧勞工健康，但也要兼顧各行各業平衡」...
　
民進黨立委林淑芬則指出，勞動部在修法草案內將「提高加班工時上限」、「縮短輪班間隔」等爭議都推給「勞資會議」處理，根本就是架空《勞基法》！
　
<U+2B07><U+FE0F><U+2B07><U+FE0F>#沃草議題實驗室 法案整理<U+2B07><U+FE0F><U+2B07><U+FE0F>
《法條細項比一比》誰給勞工最多假？
https://lab.watchout.tw/data-reports/5
《立委提案雷達分析》誰的版本對勞工最好？
https://lab.watchout.tw/topics/3","2017-11-02T15:08:15+0000","link","https://musou.tw/focuses/1416",NA,954,39,71
"25","沃草 Watchout","#慶富聯貸案 

今日立委黃國昌指出獵雷艦廠商「慶富」聯貸案中牽涉的土銀、一銀董座都是現任國庫署署長阮清華的前長官，質疑是否因此而不敢辦，變得「軟趴趴」？阮清華在連番炮火中，只說有考核制度但解釋不出個具體作為，面色鐵青站在質詢台上....
--
<ed><U+00A0><U+00BC><ed><U+00BC><U+00B1> 加入社團 #沃草國會無雙搖滾區 討論更多國會動態
https://goo.gl/X8ttLH","2017-11-02T14:31:26+0000","link","https://musou.tw/focuses/1415",NA,684,17,49
"26","沃草 Watchout","#快訊 大悲無言的民進黨不分區立委鍾孔炤
　
行政院預計再次提出勞基法修正案以「增加彈性」，包含放寬彈性工時、提高加班時數上限、減少輪班間隔休息時間等。勞工運動出身的民進黨不分區立委鍾孔炤，今(2)日在質詢時就以「大悲無言」手板，用六分鐘的無聲抗議修法惡化勞工權益。
　
更多後續報導，請持續鎖定沃草！
　
看更多立委態度：
林淑芬：資方反一例一休是項莊舞劍 「規避新制加班費」才是真目標 https://musou.tw/focuses/1400
　
綠委江永昌：一例一休有利勞工為何捨棄？ 賴揆：重點在鬆綁增「彈性」 https://musou.tw/focuses/1414
　
民進黨團幹事長葉宜津：一例一休不應再修 勞資應自行協商彈性 https://musou.tw/focuses/1386
　
<U+2B07><U+FE0F><U+2B07><U+FE0F>#沃草議題實驗室 法案整理<U+2B07><U+FE0F><U+2B07><U+FE0F>
《法條細項比一比》誰給勞工最多假？
https://lab.watchout.tw/data-reports/5
《立委提案雷達分析》誰的版本對勞工最好？
https://lab.watchout.tw/topics/3
《法案精簡比較》修法重點一次看完
https://lab.watchout.tw/data-reports/5","2017-11-02T10:57:37+0000","photo","https://www.facebook.com/watchout.tw/photos/a.276078935883660.1073741828.240170506141170/868256429999238/?type=3",NA,693,44,63
"27","沃草 Watchout","#一例一休  修法在即，行政院長賴清德表示修法是為了讓勞資雙方更有「彈性」...。再次修法前，跟著沃草一起回顧立委們對於勞基法修法的版本與態度↘↘
　
《法條細項比一比》誰給勞工最多假？
https://lab.watchout.tw/data-reports/5
《立委提案雷達分析》誰的版本對勞工最好？
https://lab.watchout.tw/topics/3
《法案精簡比較》修法重點一次看完
https://lab.watchout.tw/data-reports/5
　
《提案連署統計》看看你的選區立委提案狀況：https://lab.watchout.tw/data-reports/6","2017-11-02T07:21:54+0000","link","https://lab.watchout.tw/data-reports/5",NA,409,4,47
"28","沃草 Watchout","#一例一休 修法後會不會整部勞基法都變成「勞動條件由勞資雙方協商」呢？
　
#要有彈性
#你要去跟老闆講啊
　
修法前先回顧一下
【#沃草議題實驗室】 勞基法修法比較：https://lab.watchout.tw/data-reports/5","2017-11-02T04:30:00+0000","photo","https://www.facebook.com/watchout.tw/photos/a.276078935883660.1073741828.240170506141170/868108606680687/?type=3",NA,1062,65,500
"29","沃草 Watchout","1400 勞動部進行 #一例一休 修法 專案報告
直播 https://livehouse.in/channel/musou1
　
勞動部預告「一例一休」再修法草案，由於「提高加班工時上限」、「7休1改14休2」、「縮短輪班間隔」等修法方向明顯利於資方，引發勞工團體強烈不滿。稍後官員將如何說明及解釋有爭議的修法內容，跟阿草一起來關心！
--
<ed><U+00A0><U+00BC><ed><U+00BC><U+00B1> 加入社團 #沃草國會無雙搖滾區 討論更多國會動態
https://goo.gl/X8ttLH","2017-11-02T04:00:00+0000","link","https://musou.tw/live_streams/680",NA,194,13,16
"30","沃草 Watchout","#稅改 修法審查 明日登場
　
稅改被視為當前政府的優先法案，力拼後年5月實施，但中國國民黨立委卻不以為然，批評此次稅改是「劫貧濟富」、用民眾的小確幸掩蓋替大戶減稅。究竟是「劫富濟貧」還是「有濟無劫」？跟阿草一起緊盯直播關心！
--
<ed><U+00A0><U+00BC><ed><U+00BC><U+00B1> 加入社團  #沃草國會無雙搖滾區 討論更多國會動態
https://goo.gl/X8ttLH","2017-11-01T13:30:14+0000","link","https://musou.tw/live_streams/681",NA,95,6,7
"31","沃草 Watchout","明日社福衛環委員會請勞動部進行 #一例一休 專案報告
　
之前立委林淑芬在質詢勞動部長時就有指出，在《勞基法》歷來修法過程中，只要朝勞工權益多走一步，資方就會搬出「失去競爭力」等說詞，政府為了安撫資方，就會以增加配套、發布函釋等方式調整法令創造更多「彈性」...
　
完整報導
【林淑芬：資方反一例一休是項莊舞劍 「規避新制加班費」才是真目標】 https://musou.tw/focuses/1400
　
#沃草議題實驗室 整理了之前勞基法修法立委們的戰力指數！《法條細項比一比》誰給勞工最多假？↘↘","2017-11-01T13:00:00+0000","link","http://pics.ee/165oc",NA,511,18,30
"32","沃草 Watchout","2017年10月31日，中央選舉委員會宣布《安定力量聯盟》所提出立委黃國昌罷免提案的連署人數超過 25,120 人，跨過第二階段門檻，將於 12月16日 舉行罷免投票。這將是《選罷法》於去年底三讀修正通過後，第一次有立法委員適用罷免新制。
　
沃草團隊特別整理了關於此次罷免案【倒數45天前你必須知道的事】↘↘
　　
【議題實驗室】《法條細項比一比》誰提的罷免門檻最低？
https://lab.watchout.tw/data-reports/1
　
【懶人包】你不能不知道的「新<U+30FB>罷免門檻」
https://musou.tw/focuses/1295
----
支持沃草製作更多有意義的專題
http://watchout.tw/#support","2017-10-31T14:00:00+0000","link","https://musou.tw/focuses/1411",NA,783,8,162
"33","沃草 Watchout","賴揆：#一例一休 修法 重點在鬆綁增「彈性」
　
立委江永昌今日質詢指出，「一例一休」自去年底開始實施至今已超過10個月，雖仍有爭議，加班費增加及高工時降低成效逐漸浮現，他質詢行政院長賴清德，「難道你捨得這個成果，要再推修法？」。賴揆回應指出，「一例一休」後增加的法令約束，讓企業經營失去彈性，「是一個事實」，如何增加企業跟勞工的彈性，將是未來修法重點...
　
【#議題實驗室】法條細項比一比：誰給勞工最多假？
https://lab.watchout.tw/data-reports/5","2017-10-31T13:30:01+0000","link","https://musou.tw/focuses/1414",NA,163,55,33
"34","沃草 Watchout","#轉型正義 沃草特製【蔣公130歲 冥誕特輯】
　
#影片要搭配聲音服用
今天是「先總統蔣公誕辰紀念日」，據說以前音樂課還要唱蔣公紀念歌，還會被動員參加紀念活動。覺得很扯嗎？不如回家問問你爸爸媽媽，看看這是不是真的...
　
#小編的媽媽有被動員過
#有人看出鮭魚逆流而上的結果嗎
#殺很大 #瑤瑤都轉型拿下金馬獎了中正紀念堂怎麼還沒轉型呢
　
沃草轉型正義回顧
【互動地圖 重返228】 https://musou.tw/focuses/1326
【你是戒嚴時代的誰】https://musou.watchout.tw/role-play/terror-30/
【後記／完全執政面對解嚴30週年只辦音樂會？說好的促轉條例呢？】https://musou.tw/focuses/1390
【國民黨邀請學者：轉型正義不如拚經濟】https://musou.tw/focuses/1153
【中正紀念堂拆除將無處觀光？學者陳清秀離譜發言】https://musou.tw/videos/1156
　
<U+270A>想了解更多蔣公的「豐功偉業」嗎？來跟阿草一起集氣敲碗，按讚分享超過130則就有完整版唷！
支持沃草製作更多專題http://watchout.tw/#support","2017-10-31T12:49:44+0000","video","https://www.facebook.com/watchout.tw/videos/867225613435653/",NA,372,43,72
"35","沃草 Watchout","#沃草公民學院
　
我們常常會說，這部作品（電影、小說等等）很有這個作者的風格，然而，「風格」是什麼意思呢？我們平時不經意地使用這個字，但這其實包含了一個困難的哲學問題。
-------------
沃草公民學院推出第一本哲學書！《現代草民哲學讀本：跟沃草一起，用思考通樂人》
　
博客來　https://goo.gl/AlFNOO
金石堂　http://goo.gl/VQwM7I
書活網　https://goo.gl/82PRcc
讀冊　　https://goo.gl/ue6pkP
誠品　　https://goo.gl/7ydl4k","2017-10-31T11:20:56+0000","link","https://opinion.udn.com/opinion/story/6685/2787236","沃草 Watchout shared 沃草公民學院 - Watchout Citizenedu's post.",35,0,0
"36","沃草 Watchout","立院內政委員會今日審查明年度預算，分別編列臺灣省政府1億1千8百萬元，臺灣省諮議會6千3百萬元，福建省政府5千9百萬元，不當黨產處理委員會則為4千6百萬元。
　
其中臺灣省諮議會項下「一般行政」約5千2百萬元預算時，省諮議長指出，扣除約4千萬元的「人事維持費」後預算所剩無多，且諮議會所在地還有達三公頃左右的園區需要維護，職員只要沒有出差或重要公事，在份內工作做完之餘還會主動去掃地、撿樹枝，幫忙不在自己職務範圍內的園區維護工作，相當辛苦...
--
<ed><U+00A0><U+00BC><ed><U+00BC><U+00B1> 加入 #沃草國會無雙搖滾區 一起討論更多國會動態
https://goo.gl/X8ttLH","2017-10-30T14:04:09+0000","link","https://musou.tw/focuses/1413",NA,216,35,66
"37","沃草 Watchout","#直播預告 總質詢 最終戰
　
民進黨政府開始執政後，立院總質詢最後一輪，多次都在中國國民黨立委、立法院前院長王金平進行約30分鐘的演說式質詢中劃下句點。王金平明日將再次扮演「壓軸」角色又將拋出什麼話題？
　
此外號稱「離島三劍客」的三位立委，又是否會按照慣例「合體」進行聯合質詢，共同為離島鄉親爭取權益，值得關注！
--
<ed><U+00A0><U+00BC><ed><U+00BC><U+00B1> 加入臉書社團 #沃草國會無雙搖滾區 一起討論更多國會動態 https://goo.gl/X8ttLH","2017-10-30T13:34:33+0000","link","https://musou.tw/live_streams/679",NA,66,0,3
"38","沃草 Watchout","國發會的「提點子」平台，最近因為時區案、禁掛五星旗案成為媒體焦點，主委陳美伶今（30）日被問及，有民眾認為部分提案是「來亂的」，國發會是否會因此提高連署門檻？陳美伶表示目前沒有這個打算。
　
民進黨立委邱志偉提及，全球手機晶片大廠「高通」已確定暫緩和中研院的5G合作，直接影響亞洲矽谷和物聯網計畫，而國發會已經編了4億多的預算是否產生衝擊？陳美伶表示，因為要成立實驗室，已和高通簽了合作意向書，會積極爭取簽約。
　
邱志偉追問，看來高通和臺灣的合作熱情被澆熄，若終止合作，那亞洲矽谷還推得下去嗎？在旁的副主委邱俊榮回應，亞洲矽谷重要的是在應用端，高通則是晶片製造，對於亞洲矽谷不是最重要的一塊，衝擊相對不大。他補充，亞洲矽谷今年的預算規劃是用在4G平台應用，和5G沒有關係。
　
此外，據傳聞表示，法務部將推同婚專法。身為同性婚姻法制研議專案小組召集人的陳美伶表示，那是法務部委託學者研究出來的，不是一個法案，「目前版本很多」，還在討論中。而她也保證，絕對會在這會期結束前將行政院的同婚法案提出來。（文字／攝影：沃草記者 廖昱涵）
　
<ed><U+00A0><U+00BC><ed><U+00B8><U+00B6>點照片有完整的質詢紀錄<ed><U+00A0><U+00BC><ed><U+00B8><U+00B6> 
--
<ed><U+00A0><U+00BD><ed><U+00B5><U+00B5> 想了解立委做些什麼提過什麼法案，沃草 #議題實驗室 用簡單圖表告訴你 https://lab.watchout.tw/","2017-10-30T12:02:14+0000","photo","https://www.facebook.com/watchout.tw/photos/a.276078935883660.1073741828.240170506141170/866732570151624/?type=3","沃草 Watchout added 4 new photos.",54,4,2
"39","沃草 Watchout","#明日直播 經濟委員會
　
國發會將砸14億推「亞洲矽谷」，臺灣是否能成「創新島」？
　
此外，國發會下轄的「提點子——公共政策網路參與平台」近來網友提出不少政策如：時區由GMT+8改為GMT+9、禁拿五星旗<U+22EF><U+22EF>等，引發社會熱烈討論，正反兩派直接在平台上開「戰」，甚至反提案。預計也將成為立委質詢的另一重點。
--
<ed><U+00A0><U+00BC><ed><U+00BC><U+00B1> #生活即政治，沃草持續用不同的方式，希望能夠降低公民參與政治的門檻！定期定額•支持沃草 http://watchout.tw/#support","2017-10-29T14:20:00+0000","link","https://musou.tw/live_streams/678",NA,91,20,6
"40","沃草 Watchout","#明日直播 內政委員會 
　
<U+2049> 已經遭到「凍省」的台灣省政府仍有編列２億預算
民進黨在野時曾提案刪除省政府及諮議會預算，這次是否可能秉持「初衷」大砍預算為人民省錢呢？
　
另外明日也將審查「不當黨產委員會」的預算，前陣子指出救國團人事、財務與業務都曾受國民黨控制，國民黨立委於審查預算時，是否會藉此開砲，並大砍明年度約4千6百萬元預算？
--
<ed><U+00A0><U+00BC><ed><U+00BC><U+00B1> 定期定額．支持沃草，與我們一起監督國會 http://watchout.tw/#support","2017-10-29T13:37:56+0000","link","https://musou.tw/live_streams/677",NA,245,8,16
"41","沃草 Watchout","本週六 #2017台灣同志遊行
回顧一下【婚姻平權法案：立委的態度是？】
https://musou.tw/focuses/1289
　
說好的接下來是立法院的事呢？
　
#給你五倍鑽石的祝福
#有發現還有五個美江嗎
#爸爸沒有了就被罷免了嗎
#美編表示總之就手邊的素材全放進去吧","2017-10-27T12:33:00+0000","photo","https://www.facebook.com/watchout.tw/photos/a.276078935883660.1073741828.240170506141170/865224233635791/?type=3",NA,415,25,6
"42","沃草 Watchout","總質詢倒數，交通組分組質詢今（26）登場。不出所料，各區域立委紛紛極力爭取地方建設。
　
像是民進黨立委蘇震清便拉高分貝、不時拍桌說到，屏東人最大的希望，就是能有重大交通建設可以到屏東來。他特地送上一幅高鐵開到屏東的看板，希望行政院長賴清德能夠完成屏東人的希望，不要再像過去的政府「打迷糊仗」。
而身為叔叔的立法院長蘇嘉全，也在蘇震清質詢結束後起身說：「拜託院長和部長，要非常、非常、非常，我用3個非常，來慎重處理，」他表示自己不能質詢，但希望賴清德能夠加速屏東的大眾運輸建設。
　
相對而言，身為不分區的親民黨立委李鴻鈞則認為，他可以體諒區域立委背負地方選民的期待，都盡全力爭取地方建設。但他提醒賴清德，作為行政院長應該以一個全國性、整體性的高度去評估前瞻基礎建設，「這才是我們要的軌道運輸。」
　
而日前媒體報導臺鐵可能調漲票價，許多立委也不約而同問及此事。交通部長賀陳旦表示，這是臺鐵公司的內部計畫，交通部已經退回。賴清德也承諾：「沒有漲價計畫，是公司的討論，不是行政院或者交通部的計畫。」
（文字／攝影：沃草記者 廖昱涵）
　
<ed><U+00A0><U+00BC><ed><U+00B8><U+00B6>點照片有完整的質詢紀錄<ed><U+00A0><U+00BC><ed><U+00B8><U+00B6> 
--
<ed><U+00A0><U+00BD><ed><U+00B5><U+00B5> 想了解立委做些什麼提過什麼法案，沃草 #議題實驗室 用簡單圖表告訴你 https://lab.watchout.tw/","2017-10-27T12:00:20+0000","photo","https://www.facebook.com/watchout.tw/photos/a.276078935883660.1073741828.240170506141170/865217783636436/?type=3","沃草 Watchout added 3 new photos.",86,8,1
"43","沃草 Watchout","#直播預告
　
行政院長賴清德宣布11月將開啟下鄉之旅，全臺走透透檢視地方上長照與前瞻交通建設是否落實。明日的「分組質詢」輪到「交通組」，前瞻計畫的交通大餅一向就是交通組立委的兵家必爭之地。區域立委們會端出什麼樣的內容，向地方鄉親交代呢？
--
<ed><U+00A0><U+00BC><ed><U+00BC><U+00B1> 定期定額．支持沃草，與我們一起監督國會 http://watchout.tw/#support","2017-10-26T14:20:01+0000","link","https://musou.tw/live_streams/676",NA,63,0,0
"44","沃草 Watchout","#康德散步 本週六就是 2017 台灣同志遊行。歷年來，台灣同志遊行都不只在乎爭取同性戀權益，而是對各性別與性傾向的友善、平等與解放有關的社會運動。

你也帶著彩虹上街嗎？

* 2017 台灣同志遊行，本週六（28）下午： http://www.twpride.org/twp/?q=active/map_2017","2017-10-26T13:43:42+0000","photo","https://www.facebook.com/citizenedu/photos/a.512270755576665.1073741830.501740576629683/1082330888570646/?type=3","沃草 Watchout shared 沃草公民學院 - Watchout Citizenedu's post.",657,18,0
"45","沃草 Watchout","內政委員會 今日戰報》
　
針對近日持續延燒的「慶富案」，慶富公司與海巡署目前仍在進行中的造艦合約，成為今（26）日內政委員會質詢焦點。海巡署長李仲威回答中國國民黨立委曾銘宗質詢時指出，目前委託慶富執行的「強化海巡編裝發展方案」造艦計畫，預計建造28艘100噸級巡防艇中，13艘已交船、8艘建造中、7艘尚未開工，因該公司近期處境及財務狀況，履約能力看來並不樂觀，對此，已邀集許多專業人員和法律顧問，就未來該如何因應做出研究及準備。
　
李仲威強調，如果慶富公司提出解約，海巡署就會對其提告求償，以目前給付慶富的款項都有銀行保證下，若發生狀況會要求銀行歸還預付款的保證金，雖不免造成困擾，但會以保障海巡署最大權益的方向努力。另外，海巡署也會以還未付款的17億元預算重新開標，繼續完成造艦，相關開標及採購作業已在規劃中。
　
另外，內政委員會今日除邀海巡署進行業務報告，同時也針對中選會今年度「選務策進」預算凍結案進行審查，中選會主委劉義周亦出席備詢。
　
就目前看來很可能成案的時代力量立委黃國昌罷免案，民進黨立委姚文智質詢劉義周對此案有何看法。劉義周認為，讓新制度運作一下，大家除了有檢討機會，也可以增進社會對罷免的思考。姚文智隨即表示，「你這樣會不會太犧牲黃委員」。劉義周立刻回應強調，「不是說犧牲他，我對黃委員沒有任何意見」，他要表達的只是如果有一部分民意對於新制度的運用有意願，這個過程也可以提供社會大眾對制度本身的合理性進行更多的思考。（文字／攝影：沃草記者 蕭長展）
　
<ed><U+00A0><U+00BC><ed><U+00B8><U+00B6>點照片有完整的質詢紀錄<ed><U+00A0><U+00BC><ed><U+00B8><U+00B6> 
--
<ed><U+00A0><U+00BD><ed><U+00B5><U+00B5> 想了解立委做些什麼提過什麼法案，沃草 #議題實驗室 用簡單圖表告訴你 https://lab.watchout.tw/","2017-10-26T13:00:00+0000","photo","https://www.facebook.com/watchout.tw/photos/a.276078935883660.1073741828.240170506141170/864742240350657/?type=3","沃草 Watchout added 3 new photos.",65,0,0
"46","沃草 Watchout","今日戰報》 #監察院該不該留存呢？
　
監察院因預算解凍及審查案赴立院備詢，其存廢問題再度成為箭靶。
　
民進黨立委葉宜津就表示，監察院的彈劾可能還有點用處，但如果是糾正、糾舉根本就沒有用處。不過，就算被彈劾，真正揮「刀」的是公務人員懲戒委員會，也不是監察院。她形容，監察院的彈劾只是「被蚊子叮」。
　
不分黨派，立委們多指出監察院權責設計有問題，是「沒有牙齒的老虎」應該廢除，這讓備詢的監察院秘書長傅孟融顯得尷尬。
　
不過，他面對立委的質詢，仍堅定回應：「還是要存在，維持現行的做法。」中國國民黨立委吳志揚對此態度表示欣賞，稱讚傅孟融「很有骨氣」。（文字／攝影：沃草記者 廖昱涵）
　
<ed><U+00A0><U+00BC><ed><U+00B8><U+00B6>點照片有完整的質詢紀錄<ed><U+00A0><U+00BC><ed><U+00B8><U+00B6> 
--
<ed><U+00A0><U+00BD><ed><U+00B5><U+00B5> 想了解立委做些什麼提過什麼法案，沃草 #議題實驗室 用簡單圖表告訴你 https://lab.watchout.tw/","2017-10-26T12:09:16+0000","photo","https://www.facebook.com/watchout.tw/photos/a.276078935883660.1073741828.240170506141170/864730227018525/?type=3","沃草 Watchout added 4 new photos.",145,21,6
"47","沃草 Watchout","#明日直播 審查監察院七億預算
　
根據監察院提供的報告指出，監察院出國考察會見國際重要監察人權人士，且能提升臺灣知名度，並有利對國外監察制度的了解、強化專業能力。國民黨立委賴士葆對此指出，考察費雖不多，「但看不出效益」。
　
另外明日也一併審理明年度的預算，一起看直播，看看我們的納稅錢會花到哪去！
https://livehouse.in/channel/musou1","2017-10-25T14:00:01+0000","link","https://musou.tw/live_streams/675",NA,136,10,6
"48","沃草 Watchout","聽說今天是中華民國“#光復節”，是所謂“中華民國光復台灣”的日子。
　
大家對這個“光復”台灣的“中華民國”是否認得呢？一起來做做看沃草雙十節推出的 #中華民國人測驗，來看看你是不是中華民國人！
　
#光輝十月
#誰的光輝十月
#你才中華民國人
#你全家都中華民國人
--
<ed><U+00A0><U+00BC><ed><U+00BC><U+00B1>  請支持我們製作更多有意義的專題，定期定額<U+30FB>支持沃草
https://watchout.backme.tw/checkout/332/2688","2017-10-25T12:30:35+0000","link","https://musou.tw/focuses/1401",NA,33,1,5
"49","沃草 Watchout","內政委員會 質詢戰報》

中國十九大昨（24）日甫結束，立委頻頻追問陸委會主委張小月是否擔心中國未來對臺態度更為強硬？張小月表示，中國國家主席習近平的臺灣相關談話都不脫陸委會的預期，也曾在其他場合說過，戰略上也是一貫的兩手策略、軟硬兼施。
　
而多位立委頻頻質疑張小月是否過於樂觀，中國國民黨立委黃昭順甚至以「錄音機」譏諷她的回答千篇一律。張小月則呼應行政院長賴清德先前總質詢時的答覆：「我們沒有任何悲觀的權利。」
　
對於十九大後將要登場的川習會，張小月也保證，美方已確認不會有聲明、也不會簽第四公報，「不會有任何讓我們意外的情況發生。」她更呼籲社會大眾不要有「有你沒有我、有我沒有你」的零和想法，應追求臺、中、美的三贏。
不過，就在會議開始前，中國國民黨立委曾銘宗、黃昭順就程序發言，質疑海基會主委田弘茂並未出席，朝野一度產生口角。
　
最後在協商下，決定繼續凍結海基會相關預算，已延遲1小時的會議才終於開始。（文字／攝影：沃草記者 廖昱涵）
　
<ed><U+00A0><U+00BC><ed><U+00B8><U+00B6>點照片有完整的質詢紀錄<ed><U+00A0><U+00BC><ed><U+00B8><U+00B6> 
--
<ed><U+00A0><U+00BD><ed><U+00B5><U+00B5> 想了解立委做些什麼提過什麼法案，沃草 #議題實驗室 用簡單圖表告訴你 https://lab.watchout.tw/","2017-10-25T12:00:01+0000","photo","https://www.facebook.com/watchout.tw/photos/a.276078935883660.1073741828.240170506141170/864228293735385/?type=3","沃草 Watchout added 4 new photos.",39,0,0
"50","沃草 Watchout","#直播預告 https://livehouse.in/channel/musou1
　
「#中國十九大」為近日中國國民黨立委質詢焦點，今日立委張麗善更於質詢時說出「我們的習近平總書記」。經過此次大會，臺灣與中國之間的外交情勢會如何變化，想必成為明日陸委會、海基會赴內政委員會備詢的質詢熱點。
--
<ed><U+00A0><U+00BC><ed><U+00BC><U+00B1> 定期定額．支持沃草，與我們一起監督國會 http://watchout.tw/#support","2017-10-24T14:04:30+0000","link","https://musou.tw/live_streams/674",NA,98,13,1
